<?xml version="1.0" encoding="UTF-8" standalone="no"?>
<Entities>
    <ExtensionPackages>
        <ExtensionPackage dependsOn="" description="" minimumThingWorxVersion="8.3.0" name="ScreenDetectorv2" packageVersion="1.0.12" vendor="IoT Centre Lab"></ExtensionPackage>
    </ExtensionPackages>
    <Widgets>
        <Widget name="ScreenDetectorv2">
            <UIResources>
                <FileResource description="" file="ScreenDetectorv2.ide.js" isDevelopment="true" isRuntime="false" type="JS" />
                <FileResource description="" file="ScreenDetectorv2.ide.css" isDevelopment="true" isRuntime="false" type="CSS" />
                <FileResource description="" file="ScreenDetectorv2.runtime.js" isDevelopment="false" isRuntime="true" type="JS" />
                <FileResource description="" file="ScreenDetectorv2.runtime.css" isDevelopment="false" isRuntime="true" type="CSS" />
                   <FileResource description="" file="d3.min.js" isDevelopment="true" isRuntime="true" type="JS" />
            </UIResources>
        </Widget>
    </Widgets>
</Entities>